run,approve_post_base_llm,approve_post_llm_base,approve_pre_base_llm,approve_pre_llm_base,balanceOf_post_base_llm,balanceOf_post_llm_base,balanceOf_pre_base_llm,balanceOf_pre_llm_base,getApproved_post_base_llm,getApproved_post_llm_base,getApproved_pre_base_llm,getApproved_pre_llm_base,isApprovedForAll_post_base_llm,isApprovedForAll_post_llm_base,isApprovedForAll_pre_base_llm,isApprovedForAll_pre_llm_base,ownerOf_post_base_llm,ownerOf_post_llm_base,ownerOf_pre_base_llm,ownerOf_pre_llm_base,safeTransferFrom_post_base_llm,safeTransferFrom_post_llm_base,safeTransferFrom_pre_base_llm,safeTransferFrom_pre_llm_base,setApprovalForAll_post_base_llm,setApprovalForAll_post_llm_base,setApprovalForAll_pre_base_llm,setApprovalForAll_pre_llm_base,transferFrom_post_base_llm,transferFrom_post_llm_base,transferFrom_pre_base_llm,transferFrom_pre_llm_base,refines_all_main_functions
1,N/A,N/A,OK,OK,ERROR,ERROR,OK,OK,TRIVIAL,TRIVIAL,TRIVIAL,TRIVIAL,OK,OK,OK,OK,OK,ERROR,OK,OK,TRIVIAL,TRIVIAL,TRIVIAL,TRIVIAL,TRIVIAL,TRIVIAL,TRIVIAL,TRIVIAL,ERROR,ERROR,OK,OK,No
2,N/A,N/A,OK,OK,ERROR,ERROR,OK,OK,ERROR,ERROR,OK,OK,OK,OK,OK,OK,TRIVIAL,TRIVIAL,TRIVIAL,TRIVIAL,TRIVIAL,TRIVIAL,TRIVIAL,TRIVIAL,OK,ERROR,OK,OK,ERROR,ERROR,OK,OK,No
3,N/A,N/A,OK,OK,ERROR,OK,OK,OK,OK,ERROR,OK,OK,OK,OK,OK,OK,TRIVIAL,TRIVIAL,TRIVIAL,TRIVIAL,TRIVIAL,TRIVIAL,TRIVIAL,TRIVIAL,OK,ERROR,OK,OK,ERROR,ERROR,OK,OK,No
4,N/A,N/A,OK,OK,ERROR,ERROR,OK,OK,TRIVIAL,TRIVIAL,TRIVIAL,TRIVIAL,OK,OK,OK,OK,OK,OK,OK,OK,TRIVIAL,TRIVIAL,TRIVIAL,TRIVIAL,OK,ERROR,OK,OK,ERROR,ERROR,OK,OK,No
5,N/A,N/A,OK,OK,ERROR,OK,OK,OK,TRIVIAL,TRIVIAL,TRIVIAL,TRIVIAL,OK,OK,OK,OK,OK,OK,OK,OK,TRIVIAL,TRIVIAL,TRIVIAL,TRIVIAL,OK,ERROR,OK,OK,ERROR,ERROR,OK,OK,No
6,N/A,N/A,OK,OK,ERROR,ERROR,OK,OK,OK,ERROR,OK,OK,OK,OK,OK,OK,TRIVIAL,TRIVIAL,TRIVIAL,TRIVIAL,TRIVIAL,TRIVIAL,TRIVIAL,TRIVIAL,OK,ERROR,OK,OK,ERROR,ERROR,OK,OK,No
7,TRIVIAL,TRIVIAL,TRIVIAL,TRIVIAL,ERROR,ERROR,OK,OK,TRIVIAL,TRIVIAL,TRIVIAL,TRIVIAL,OK,OK,OK,OK,TRIVIAL,TRIVIAL,TRIVIAL,TRIVIAL,TRIVIAL,TRIVIAL,TRIVIAL,TRIVIAL,OK,ERROR,OK,OK,ERROR,ERROR,OK,OK,No
8,N/A,N/A,OK,OK,ERROR,OK,OK,OK,TRIVIAL,TRIVIAL,TRIVIAL,TRIVIAL,OK,OK,OK,OK,OK,OK,OK,OK,TRIVIAL,TRIVIAL,TRIVIAL,TRIVIAL,OK,ERROR,OK,OK,ERROR,ERROR,OK,OK,No
9,N/A,N/A,OK,OK,ERROR,OK,OK,OK,OK,ERROR,OK,OK,OK,OK,OK,OK,OK,ERROR,OK,OK,TRIVIAL,TRIVIAL,TRIVIAL,TRIVIAL,OK,ERROR,OK,OK,ERROR,ERROR,OK,OK,No
10,N/A,N/A,OK,OK,ERROR,OK,OK,OK,ERROR,ERROR,OK,OK,OK,OK,OK,OK,OK,ERROR,OK,OK,TRIVIAL,TRIVIAL,TRIVIAL,TRIVIAL,OK,ERROR,OK,OK,ERROR,ERROR,OK,OK,No
