function,balanceOfBatch_post,balanceOfBatch_post,balanceOfBatch_pre,balanceOfBatch_pre,balanceOf_post,balanceOf_post,balanceOf_pre,balanceOf_pre,isApprovedForAll_post,isApprovedForAll_post,isApprovedForAll_pre,isApprovedForAll_pre,safeBatchTransferFrom_post,safeBatchTransferFrom_post,safeBatchTransferFrom_pre,safeBatchTransferFrom_pre,safeTransferFrom_post,safeTransferFrom_post,safeTransferFrom_pre,safeTransferFrom_pre,setApprovalForAll_post,setApprovalForAll_post,setApprovalForAll_pre,setApprovalForAll_pre,refines all
option,base_llm,llm_base,base_llm,llm_base,base_llm,llm_base,base_llm,llm_base,base_llm,llm_base,base_llm,llm_base,base_llm,llm_base,base_llm,llm_base,base_llm,llm_base,base_llm,llm_base,base_llm,llm_base,base_llm,llm_base,
run,,,,,,,,,,,,,,,,,,,,,,,,,
1,OK,N/A,OK,N/A,OK,N/A,OK,ERROR,OK,N/A,OK,N/A,ERROR,N/A,OK,N/A,OK,N/A,OK,N/A,OK,N/A,OK,N/A,No
2,OK,N/A,OK,N/A,OK,N/A,OK,N/A,OK,N/A,OK,N/A,ERROR,N/A,OK,N/A,OK,N/A,OK,N/A,OK,N/A,OK,N/A,No
3,OK,N/A,OK,N/A,OK,N/A,OK,N/A,OK,N/A,OK,N/A,ERROR,N/A,OK,N/A,OK,N/A,OK,N/A,OK,N/A,OK,N/A,No
4,OK,N/A,OK,N/A,OK,N/A,OK,N/A,OK,N/A,OK,N/A,ERROR,N/A,OK,N/A,OK,N/A,OK,N/A,OK,N/A,OK,N/A,No
5,OK,N/A,OK,N/A,OK,N/A,OK,N/A,OK,N/A,OK,N/A,ERROR,N/A,OK,N/A,OK,N/A,OK,N/A,OK,N/A,OK,N/A,No
6,OK,N/A,OK,N/A,OK,N/A,OK,N/A,OK,N/A,OK,N/A,ERROR,N/A,OK,N/A,OK,N/A,OK,N/A,OK,N/A,OK,N/A,No
7,OK,N/A,OK,N/A,OK,N/A,OK,N/A,OK,N/A,OK,N/A,ERROR,N/A,OK,N/A,OK,N/A,OK,N/A,OK,N/A,OK,N/A,No
8,OK,ERROR,OK,OK,OK,OK,OK,OK,OK,OK,OK,OK,ERROR,OK,OK,OK,OK,ERROR,OK,OK,OK,OK,OK,OK,No
9,OK,N/A,OK,N/A,OK,N/A,OK,N/A,OK,N/A,OK,N/A,ERROR,N/A,OK,N/A,OK,N/A,OK,N/A,OK,N/A,OK,N/A,No
10,OK,N/A,OK,N/A,OK,N/A,OK,N/A,OK,N/A,OK,N/A,ERROR,N/A,OK,N/A,OK,N/A,OK,N/A,OK,N/A,OK,N/A,No
